work_cid,pymtSetlId,pymtSetlDtlId,cntrId,pymtStd,schnNm,bcncNm,rsSetlMthCd,rsSetlRt,pymtCrcy,pymtExchrDtCd,srcCrcy,srcExchrDtCd,setlCrcy,setlExchrDtCd,adpycTyCd,adpycPymtTyCd,mgCntrAmt,adpycPymtAmt,rsMgStoffTrgYn,rsSetlBnusCoinYn,webCoinSetlRt,appCoinSetlRt
295590,772671,772671,0,지급,원스토어(소설),(주)문피아,001,0.0,KRW,999,KRW,999,KRW,999,001,001,0.0,0.0,N,N,0,0
295590,774890,774890,0,지급,카카오페이지(선투자),주식회사 북메이커,001,70.0,KRW,999,KRW,999,KRW,999,001,001,0.0,0.0,N,N,0,0
295590,774892,774892,0,지급,네이버_연재(광고수익),주식회사 북메이커,001,70.0,KRW,999,KRW,999,KRW,999,001,001,0.0,0.0,N,N,0,0
295590,774895,774895,0,지급,네이버_연재,주식회사 북메이커,001,70.0,KRW,999,KRW,999,KRW,999,001,001,0.0,0.0,N,N,0,0
295590,771081,771081,0,지급,북팔(소설),주식회사 북메이커,001,70.0,KRW,999,KRW,999,KRW,999,001,001,0.0,0.0,N,N,0,0
295590,774889,774889,0,지급,판무림,주식회사 북메이커,001,70.0,KRW,999,KRW,999,KRW,999,001,001,0.0,0.0,N,N,0,0
295590,774898,774898,0,지급,무툰(소설 서비스),주식회사 북메이커,001,70.0,KRW,999,KRW,999,KRW,999,001,001,0.0,0.0,N,N,0,0
295590,774893,774893,0,지급,북큐브(소설),주식회사 북메이커,001,70.0,KRW,999,KRW,999,KRW,999,001,001,0.0,0.0,N,N,0,0
295590,774894,774894,0,지급,미소설,주식회사 북메이커,001,70.0,KRW,999,KRW,999,KRW,999,001,001,0.0,0.0,N,N,0,0
295590,774897,774897,0,지급,웹소설 하이북,주식회사 북메이커,001,70.0,KRW,999,KRW,999,KRW,999,001,001,0.0,0.0,N,N,0,0
295590,771080,771080,0,지급,문피아,주식회사 북메이커,001,70.0,KRW,999,KRW,999,KRW,999,001,001,0.0,0.0,N,N,0,0
295590,771082,771082,0,지급,리디북스(소설),주식회사 북메이커,001,70.0,KRW,999,KRW,999,KRW,999,001,001,0.0,0.0,N,N,0,0
295590,774896,774896,0,지급,원스토어(소설),주식회사 북메이커,001,70.0,KRW,999,KRW,999,KRW,999,001,001,0.0,0.0,N,N,0,0
295590,774891,774891,0,지급,토스(소설),주식회사 북메이커,001,70.0,KRW,999,KRW,999,KRW,999,001,001,0.0,0.0,N,N,0,0
295590,772673,772673,0,지급,무툰(소설 서비스),(주)문피아,001,0.0,KRW,999,KRW,999,KRW,999,999,999,0.0,0.0,N,N,0,0
295590,772672,772672,0,지급,웹소설 하이북,(주)문피아,001,0.0,KRW,999,KRW,999,KRW,999,999,999,0.0,0.0,N,N,0,0
295590,772670,772670,0,지급,네이버_연재,(주)문피아,001,0.0,KRW,999,KRW,999,KRW,999,999,999,0.0,0.0,N,N,0,0
295590,772669,772669,0,지급,미소설,(주)문피아,001,0.0,KRW,999,KRW,999,KRW,999,999,999,0.0,0.0,N,N,0,0
295590,772668,772668,0,지급,북큐브(소설),(주)문피아,001,0.0,KRW,999,KRW,999,KRW,999,999,999,0.0,0.0,N,N,0,0
295590,772667,772667,0,지급,네이버_연재(광고수익),(주)문피아,001,0.0,KRW,999,KRW,999,KRW,999,999,999,0.0,0.0,N,N,0,0
295590,772666,772666,0,지급,토스(소설),(주)문피아,001,0.0,KRW,999,KRW,999,KRW,999,999,999,0.0,0.0,N,N,0,0
295590,772665,772665,0,지급,카카오페이지(선투자),(주)문피아,001,0.0,KRW,999,KRW,999,KRW,999,999,999,0.0,0.0,N,N,0,0
295590,772664,772664,0,지급,판무림,(주)문피아,001,0.0,KRW,999,KRW,999,KRW,999,999,999,0.0,0.0,N,N,0,0
295590,769029,769029,0,지급,리디북스(소설),(주)문피아,001,0.0,KRW,999,KRW,999,KRW,999,999,999,0.0,0.0,N,N,0,0
295590,769028,769028,0,지급,북팔(소설),(주)문피아,001,0.0,KRW,999,KRW,999,KRW,999,999,999,0.0,0.0,N,N,0,0
295590,769027,769027,0,지급,문피아,(주)문피아,001,0.0,KRW,999,KRW,999,KRW,999,999,999,0.0,0.0,N,N,0,0
295590,1082714,1075505,0,지급,알라딘(소설)(1068659313),(주)문피아,001,70.0,KRW,999,KRW,999,KRW,999,001,001,0.0,0.0,N,N,0,0
295590,1082713,1075504,0,지급,알라딘(소설)(1068659313),주식회사 북메이커,001,70.0,KRW,999,KRW,999,KRW,999,001,001,0.0,0.0,N,N,0,0
295590,1082712,1075503,0,지급,교보문고(소설),주식회사 북메이커,001,70.0,KRW,999,KRW,999,KRW,999,001,001,0.0,0.0,N,N,0,0
295590,1082711,1075502,0,지급,교보문고(소설),(주)문피아,001,70.0,KRW,999,KRW,999,KRW,999,001,001,0.0,0.0,N,N,0,0
295590,1082684,1075475,0,지급,Yes24(서점),(주)문피아,001,70.0,KRW,999,KRW,999,KRW,999,001,001,0.0,0.0,N,N,0,0
295590,1082683,1075474,0,지급,Yes24(서점),주식회사 북메이커,001,70.0,KRW,999,KRW,999,KRW,999,001,001,0.0,0.0,N,N,0,0
295590,1071810,1064604,0,지급,카카오페이지(창작지원금),주식회사 북메이커,001,70.0,KRW,999,KRW,999,KRW,999,001,001,0.0,0.0,N,N,0,0
295590,1043371,1036173,0,지급,한아름(P000003716),주식회사 북메이커,001,70.0,KRW,999,KRW,999,KRW,999,001,001,0.0,0.0,N,N,0,0
295590,1039731,1032535,0,지급,모픽(mofic),주식회사 북메이커,001,70.0,KRW,999,KRW,999,KRW,999,001,001,0.0,0.0,N,N,0,0
113327,722060,722060,0,지급,코미코_인앱결제,최은비,001,70.0,KRW,999,KRW,999,KRW,999,999,999,0.0,0.0,N,N,0,0
113327,721681,721681,0,지급,카카오페이지(선투자),최은비,001,70.0,KRW,999,KRW,999,KRW,999,999,999,0.0,0.0,N,N,0,0
113327,716345,716345,0,지급,봄툰 (원작 정산),최은비,001,70.0,KRW,999,KRW,999,KRW,999,999,999,0.0,0.0,N,N,0,0
113327,714713,714713,0,지급,로망띠끄,최은비,001,70.0,KRW,999,KRW,999,KRW,999,999,999,0.0,0.0,N,N,0,0
113327,713030,713030,0,지급,리디북스(이벤트),최은비,001,70.0,KRW,999,KRW,999,KRW,999,999,999,0.0,0.0,N,N,0,0
113327,712858,712858,0,지급,코미코_일반결제,최은비,001,70.0,KRW,999,KRW,999,KRW,999,999,999,0.0,0.0,N,N,0,0
113327,620483,620483,0,지급,카카오페이지(소설),최은비,001,70.0,KRW,999,KRW,999,KRW,999,999,999,0.0,0.0,N,N,0,0
113327,620253,620253,0,지급,네이버_장르(광고수익),최은비,001,70.0,KRW,999,KRW,999,KRW,999,999,999,0.0,0.0,N,N,0,0
113327,610482,610482,0,지급,미스터블루(소설),최은비,001,70.0,KRW,999,KRW,999,KRW,999,999,999,0.0,0.0,N,N,0,0
113327,610481,610481,0,지급,북큐브(소설),최은비,001,70.0,KRW,999,KRW,999,KRW,999,999,999,0.0,0.0,N,N,0,0
113327,610480,610480,0,지급,누온,최은비,001,70.0,KRW,999,KRW,999,KRW,999,999,999,0.0,0.0,N,N,0,0
113327,610479,610479,0,지급,네이버_장르,최은비,001,70.0,KRW,999,KRW,999,KRW,999,999,999,0.0,0.0,N,N,0,0
113327,610478,610478,0,지급,구글(소설),최은비,001,70.0,KRW,999,KRW,999,KRW,999,999,999,0.0,0.0,N,N,0,0
113327,610477,610477,0,지급,교보문고(소설),최은비,001,70.0,KRW,999,KRW,999,KRW,999,999,999,0.0,0.0,N,N,0,0
113327,604825,604825,0,지급,카카오페이지(선투자),최은비,001,70.0,KRW,999,KRW,999,KRW,999,999,999,0.0,0.0,N,N,0,0
113327,604332,604332,0,지급,원스토어(소설),최은비,001,70.0,KRW,999,KRW,999,KRW,999,999,999,0.0,0.0,N,N,0,0
113327,603735,603735,0,지급,Yes24(서점),최은비,001,70.0,KRW,999,KRW,999,KRW,999,999,999,0.0,0.0,N,N,0,0
113327,603597,603597,0,지급,알라딘(소설)(1068659313),최은비,001,70.0,KRW,999,KRW,999,KRW,999,999,999,0.0,0.0,N,N,0,0
113327,601908,601908,0,지급,리디북스(소설),최은비,001,70.0,KRW,999,KRW,999,KRW,999,999,999,0.0,0.0,N,N,0,0
113327,123756,123756,0,지급,봄툰KR(1068149784),(주)키다리스튜디오,003,,KRW,999,KRW,999,KRW,999,999,999,0.0,0.0,Y,N,70.0,60.0
113327,1075518,1068310,0,지급,노벨피아 (소설),최은비,001,70.0,KRW,999,KRW,999,KRW,999,999,999,0.0,0.0,N,N,0,0
113327,1075517,1068309,0,지급,노벨피아 (소설),(주)키다리스튜디오,001,70.0,KRW,999,KRW,999,KRW,999,999,999,0.0,0.0,N,N,0,0
113327,1039270,1032074,0,지급,에이블리(소설),(주)키다리스튜디오,001,70.0,KRW,999,KRW,999,KRW,999,999,999,0.0,0.0,N,N,0,0
113327,1009989,1009948,0,지급,미국-바이프로스트,(주)키다리스튜디오,001,70.0,KRW,999,KRW,999,KRW,999,999,999,0.0,0.0,N,N,0,0
113327,1009988,1009947,0,지급,미국-바이프로스트,최은비,001,70.0,KRW,999,KRW,999,KRW,999,999,999,0.0,0.0,N,N,0,0
113327,600000,165,0,청구,카카오페이지(선투자),주식회사 카카오엔터테인먼트,,60.0,KRW,999,,,,,,,0,0.0,,,0,0
113749,721436,721436,0,지급,코미코_인앱결제,주식회사 말랑미디어,001,70.0,KRW,999,KRW,999,KRW,999,999,999,0.0,0.0,N,N,0,0
113749,720402,720402,0,지급,봄툰 (원작 정산),주식회사 말랑미디어,001,70.0,KRW,999,KRW,999,KRW,999,999,999,0.0,0.0,N,N,0,0
113749,717623,717623,0,지급,인터파크,주식회사 말랑미디어,001,70.0,KRW,999,KRW,999,KRW,999,999,999,0.0,0.0,N,N,0,0
113749,715484,715484,0,지급,누온,주식회사 말랑미디어,001,70.0,KRW,999,KRW,999,KRW,999,999,999,0.0,0.0,N,N,0,0
113749,715187,715187,0,지급,로망띠끄,주식회사 말랑미디어,001,70.0,KRW,999,KRW,999,KRW,999,999,999,0.0,0.0,N,N,0,0
113749,713356,713356,0,지급,코미코_일반결제,주식회사 말랑미디어,001,70.0,KRW,999,KRW,999,KRW,999,999,999,0.0,0.0,N,N,0,0
113749,711707,711707,0,지급,리디북스(이벤트),주식회사 말랑미디어,001,70.0,KRW,999,KRW,999,KRW,999,999,999,0.0,0.0,N,N,0,0
113749,610475,610475,0,지급,구글(소설),주식회사 말랑미디어,001,70.0,KRW,999,KRW,999,KRW,999,999,999,0.0,0.0,N,N,0,0
113749,610474,610474,0,지급,교보문고(소설),주식회사 말랑미디어,001,70.0,KRW,999,KRW,999,KRW,999,999,999,0.0,0.0,N,N,0,0
113749,607687,607687,0,지급,미스터블루(소설),주식회사 말랑미디어,001,70.0,KRW,999,KRW,999,KRW,999,999,999,0.0,0.0,N,N,0,0
113749,604708,604708,0,지급,원스토어(소설),주식회사 말랑미디어,001,70.0,KRW,999,KRW,999,KRW,999,999,999,0.0,0.0,N,N,0,0
113749,603800,603800,0,지급,Yes24(서점),주식회사 말랑미디어,001,70.0,KRW,999,KRW,999,KRW,999,999,999,0.0,0.0,N,N,0,0
113749,603557,603557,0,지급,알라딘(소설)(1068659313),주식회사 말랑미디어,001,70.0,KRW,999,KRW,999,KRW,999,999,999,0.0,0.0,N,N,0,0
113749,602948,602948,0,지급,북큐브(소설),주식회사 말랑미디어,001,70.0,KRW,999,KRW,999,KRW,999,999,999,0.0,0.0,N,N,0,0
113749,601738,601738,0,지급,리디북스(소설),주식회사 말랑미디어,001,70.0,KRW,999,KRW,999,KRW,999,999,999,0.0,0.0,N,N,0,0
113749,601235,601235,0,지급,네이버_장르,주식회사 말랑미디어,001,70.0,KRW,999,KRW,999,KRW,999,999,999,0.0,0.0,N,N,0,0
113749,600805,600805,0,지급,네이버_장르(광고수익),주식회사 말랑미디어,001,70.0,KRW,999,KRW,999,KRW,999,999,999,0.0,0.0,N,N,0,0
113749,133144,133144,0,지급,봄툰KR(1068149784),(주)키다리스튜디오,003,,KRW,999,KRW,999,KRW,999,999,999,0.0,0.0,Y,N,70.0,60.0
113749,1009980,1009939,0,지급,미국-카카오,(주)키다리스튜디오,001,70.0,KRW,999,KRW,999,KRW,999,999,999,0.0,0.0,N,N,0,0
113749,1009979,1009938,0,지급,미국-카카오,주식회사 말랑미디어,001,70.0,KRW,999,KRW,999,KRW,999,999,999,0.0,0.0,N,N,0,0
110907,613400,613400,0,지급,카카오페이지(선투자),이희승 ,004,0.0,KRW,999,KRW,999,KRW,999,999,999,0.0,0.0,N,N,0,0
110907,1085436,1078226,0,지급,토스(소설),이희승 ,004,0.0,KRW,999,KRW,999,KRW,999,999,999,0.0,0.0,N,N,0,0
110907,1085435,1078225,0,지급,토스(소설),주식회사 북홀릭,004,0.0,KRW,999,KRW,999,KRW,999,999,999,0.0,0.0,N,N,0,0
110907,1084892,1077682,0,지급,네이버_장르,주식회사 북홀릭,004,0.0,KRW,999,KRW,999,KRW,999,999,999,0.0,0.0,N,N,0,0
110907,1084891,1077681,0,지급,네이버_장르,이희승 ,004,0.0,KRW,999,KRW,999,KRW,999,999,999,0.0,0.0,N,N,0,0
110907,1084865,1077655,0,지급,네이버_연재,이희승 ,004,0.0,KRW,999,KRW,999,KRW,999,999,999,0.0,0.0,N,N,0,0
110907,1084864,1077654,0,지급,네이버_연재,주식회사 북홀릭,004,0.0,KRW,999,KRW,999,KRW,999,999,999,0.0,0.0,N,N,0,0
110907,1084858,1077648,0,지급,한아름(P000003716),주식회사 북홀릭,004,0.0,KRW,999,KRW,999,KRW,999,999,999,0.0,0.0,N,N,0,0
110907,1084857,1077647,0,지급,한아름(P000003716),이희승 ,004,0.0,KRW,999,KRW,999,KRW,999,999,999,0.0,0.0,N,N,0,0
110907,1084847,1077637,0,지급,조아라(소설),이희승 ,004,0.0,KRW,999,KRW,999,KRW,999,999,999,0.0,0.0,N,N,0,0
110907,1084846,1077636,0,지급,조아라(소설),주식회사 북홀릭,004,0.0,KRW,999,KRW,999,KRW,999,999,999,0.0,0.0,N,N,0,0
110907,1084809,1077599,0,지급,원스토어(소설),주식회사 북홀릭,004,0.0,KRW,999,KRW,999,KRW,999,999,999,0.0,0.0,N,N,0,0
110907,1084808,1077598,0,지급,원스토어(소설),이희승 ,004,0.0,KRW,999,KRW,999,KRW,999,999,999,0.0,0.0,N,N,0,0
110907,1084804,1077594,0,지급,에이블리(소설),이희승 ,004,0.0,KRW,999,KRW,999,KRW,999,999,999,0.0,0.0,N,N,0,0
110907,1084803,1077593,0,지급,에이블리(소설),주식회사 북홀릭,004,0.0,KRW,999,KRW,999,KRW,999,999,999,0.0,0.0,N,N,0,0
110907,1084790,1077580,0,지급,부커스,주식회사 북홀릭,004,0.0,KRW,999,KRW,999,KRW,999,999,999,0.0,0.0,N,N,0,0
110907,1084789,1077579,0,지급,부커스,이희승 ,004,0.0,KRW,999,KRW,999,KRW,999,999,999,0.0,0.0,N,N,0,0
110907,1084782,1077572,0,지급,미스터블루(소설),이희승 ,004,0.0,KRW,999,KRW,999,KRW,999,999,999,0.0,0.0,N,N,0,0
110907,1084781,1077571,0,지급,미스터블루(소설),주식회사 북홀릭,004,0.0,KRW,999,KRW,999,KRW,999,999,999,0.0,0.0,N,N,0,0
110907,1084772,1077562,0,지급,미소설,주식회사 북홀릭,004,0.0,KRW,999,KRW,999,KRW,999,999,999,0.0,0.0,N,N,0,0
110907,1084771,1077561,0,지급,미소설,이희승 ,004,0.0,KRW,999,KRW,999,KRW,999,999,999,0.0,0.0,N,N,0,0
110907,1084758,1077548,0,지급,무툰(소설 서비스),이희승 ,004,0.0,KRW,999,KRW,999,KRW,999,999,999,0.0,0.0,N,N,0,0
110907,1084757,1077547,0,지급,무툰(소설 서비스),주식회사 북홀릭,004,0.0,KRW,999,KRW,999,KRW,999,999,999,0.0,0.0,N,N,0,0
110907,1084742,1077532,0,지급,모픽(mofic),주식회사 북홀릭,004,0.0,KRW,999,KRW,999,KRW,999,999,999,0.0,0.0,N,N,0,0
110907,1084741,1077531,0,지급,모픽(mofic),이희승 ,004,0.0,KRW,999,KRW,999,KRW,999,999,999,0.0,0.0,N,N,0,0
110907,1084728,1077518,0,지급,리디북스(소설),이희승 ,004,0.0,KRW,999,KRW,999,KRW,999,999,999,0.0,0.0,N,N,0,0
110907,1084727,1077517,0,지급,리디북스(소설),주식회사 북홀릭,004,0.0,KRW,999,KRW,999,KRW,999,999,999,0.0,0.0,N,N,0,0
110907,1084712,1077502,0,지급,구글(소설),주식회사 북홀릭,004,0.0,KRW,999,KRW,999,KRW,999,999,999,0.0,0.0,N,N,0,0
110907,1084711,1077501,0,지급,구글(소설),이희승 ,004,0.0,KRW,999,KRW,999,KRW,999,999,999,0.0,0.0,N,N,0,0
110907,1084691,1077481,0,지급,교보문고(소설),이희승 ,004,0.0,KRW,999,KRW,999,KRW,999,999,999,0.0,0.0,N,N,0,0
110907,1084690,1077480,0,지급,교보문고(소설),주식회사 북홀릭,004,0.0,KRW,999,KRW,999,KRW,999,999,999,0.0,0.0,N,N,0,0
110907,1084681,1077471,0,지급,Yes24(서점),주식회사 북홀릭,004,0.0,KRW,999,KRW,999,KRW,999,999,999,0.0,0.0,N,N,0,0
110907,1084680,1077470,0,지급,Yes24(서점),이희승 ,004,0.0,KRW,999,KRW,999,KRW,999,999,999,0.0,0.0,N,N,0,0
110907,1083106,1075897,0,지급,문피아,이희승 ,004,0.0,KRW,999,KRW,999,KRW,999,999,999,0.0,0.0,N,N,0,0
110907,1083105,1075896,0,지급,문피아,주식회사 북홀릭,004,0.0,KRW,999,KRW,999,KRW,999,999,999,0.0,0.0,N,N,0,0
110907,613665,613665,0,지급,카카오페이지(선투자),주식회사 북홀릭,001,70.0,KRW,999,KRW,999,KRW,999,001,999,0.0,0.0,N,N,0,0
110907,600014,195,0,청구,카카오페이지(선투자),주식회사 카카오엔터테인먼트,,60.0,KRW,999,,,,,,,0,0.0,,,0,0
